Model,ROC_AUC,LogLoss,Precision,Recall,F1,Precision@Top20%,Recall@Top20%
LogReg,0.7283572279018544,0.2888673009418644,0.1111111111111111,0.00205761316872428,0.00404040404040404,0.218,0.448559670781893
CatBoost,0.7244019976260414,0.290996499492311,0.46153846153846156,0.024691358024691357,0.046875,0.2,0.411522633744856
